[
{
    "model": "core.uomcategory", 
    "fields": {
        "is_deleted": false, 
        "name": "Weight", 
        "level": 1, 
        "created_by": null, 
        "lft": 2, 
        "created": "2014-01-11T11:03:36.629Z", 
        "modified_by": 2, 
        "modified": "2014-01-15T14:11:20.633Z", 
        "parent": "cfa527af-105c-46f1-a105-4366a220e9e0", 
        "description": "used to group weight uom", 
        "rght": 3, 
        "tree_id": 2
    }, 
    "pk": "217e255d-0dd0-4bcf-aefc-3d7668ba7487"
},
{
    "model": "core.uomcategory", 
    "fields": {
        "is_deleted": false, 
        "name": "unit", 
        "level": 0, 
        "created_by": 2, 
        "lft": 1, 
        "created": "2014-01-15T14:14:08.934Z", 
        "modified_by": 1, 
        "modified": "2014-01-17T08:13:46.545Z", 
        "parent": null, 
        "description": "used to group amount unit of measurement", 
        "rght": 2, 
        "tree_id": 1
    }, 
    "pk": "67855ff4-6897-425b-a3e8-08ff542f2194"
},
{
    "model": "core.uomcategory", 
    "fields": {
        "is_deleted": false, 
        "name": "Volume", 
        "level": 0, 
        "created_by": null, 
        "lft": 1, 
        "created": "2014-01-11T10:53:46.678Z", 
        "modified_by": null, 
        "modified": "2014-01-11T10:53:46.863Z", 
        "parent": null, 
        "description": "used to group volume uom", 
        "rght": 4, 
        "tree_id": 2
    }, 
    "pk": "cfa527af-105c-46f1-a105-4366a220e9e0"
},
{
    "model": "core.unitofmeasurement", 
    "fields": {
        "rate": 0.0, 
        "symbol": "pcs", 
        "is_deleted": false, 
        "name": "Pieces", 
        "factor": 0.0, 
        "uom_category": "67855ff4-6897-425b-a3e8-08ff542f2194", 
        "created_by": 1, 
        "rounding_precision": 0, 
        "created": "2014-01-16T16:00:32.775Z", 
        "modified_by": 1, 
        "modified": "2014-01-16T16:00:32.804Z"
    }, 
    "pk": "6240f4fb-1416-4d16-b124-f1641d541dcb"
},
{
    "model": "core.unitofmeasurement", 
    "fields": {
        "rate": 0.0, 
        "symbol": "cm3", 
        "is_deleted": false, 
        "name": "Cubic Centimetres", 
        "factor": 0.0, 
        "uom_category": "cfa527af-105c-46f1-a105-4366a220e9e0", 
        "created_by": 2, 
        "rounding_precision": 2, 
        "created": "2014-01-15T14:22:02.130Z", 
        "modified_by": 2, 
        "modified": "2014-01-15T14:22:02.147Z"
    }, 
    "pk": "6e2a882b-eeeb-4caf-96e2-46167c0c1aac"
},
{
    "model": "core.unitofmeasurement", 
    "fields": {
        "rate": 0.0, 
        "symbol": "vial", 
        "is_deleted": false, 
        "name": "Vial", 
        "factor": 0.0, 
        "uom_category": "67855ff4-6897-425b-a3e8-08ff542f2194", 
        "created_by": 2, 
        "rounding_precision": 2, 
        "created": "2014-01-15T14:20:02.098Z", 
        "modified_by": 2, 
        "modified": "2014-01-15T14:23:06.756Z"
    }, 
    "pk": "82cc6fac-d0f6-43da-b0c6-07dc58669431"
},
{
    "model": "core.unitofmeasurement", 
    "fields": {
        "rate": 0.0, 
        "symbol": "kg", 
        "is_deleted": false, 
        "name": "Kilogram", 
        "factor": 0.0, 
        "uom_category": "217e255d-0dd0-4bcf-aefc-3d7668ba7487", 
        "created_by": 2, 
        "rounding_precision": 2, 
        "created": "2014-01-15T14:18:39.125Z", 
        "modified_by": 2, 
        "modified": "2014-01-15T14:18:39.141Z"
    }, 
    "pk": "9264a068-4062-40da-bb3e-fec0d02ad51f"
},
{
    "model": "core.unitofmeasurement", 
    "fields": {
        "rate": 0.0, 
        "symbol": "cm3-per-dose", 
        "is_deleted": false, 
        "name": "Cubic Centimetres per Dose", 
        "factor": 0.0, 
        "uom_category": "cfa527af-105c-46f1-a105-4366a220e9e0", 
        "created_by": 1, 
        "rounding_precision": 2, 
        "created": "2014-01-18T14:08:00.212Z", 
        "modified_by": 1, 
        "modified": "2014-01-18T14:08:00.227Z"
    }, 
    "pk": "d1c4dde9-2c27-4309-8f78-9cf2d6646523"
},
{
    "model": "core.unitofmeasurement", 
    "fields": {
        "rate": 0.0, 
        "symbol": "dose", 
        "is_deleted": false, 
        "name": "Dose", 
        "factor": 0.0, 
        "uom_category": "67855ff4-6897-425b-a3e8-08ff542f2194", 
        "created_by": 2, 
        "rounding_precision": 2, 
        "created": "2014-01-15T14:14:48.785Z", 
        "modified_by": 1, 
        "modified": "2014-01-17T08:05:24.522Z"
    }, 
    "pk": "e5def927-b173-44b6-9112-3103a473a65c"
},
{
    "model": "core.rate", 
    "fields": {
        "value": "159.00", 
        "is_deleted": false, 
        "name": "USD-Naira", 
        "currency": "a98c81e5-fac9-4bb4-847c-8de33110615a", 
        "date": null, 
        "created_by": 2, 
        "created": "2014-01-16T12:53:15.836Z", 
        "modified_by": 2, 
        "modified": "2014-01-16T12:53:15.938Z"
    }, 
    "pk": "6553eb0d-cc3b-4e75-890e-3b43a9de2b8e"
},
{
    "model": "core.currency", 
    "fields": {
        "symbol_position": "before", 
        "symbol": "$", 
        "is_deleted": false, 
        "name": "US Dollar", 
        "created_by": 2, 
        "code": "USD", 
        "created": "2014-01-16T12:52:27.476Z", 
        "modified_by": 2, 
        "modified": "2014-01-16T12:52:27.757Z"
    }, 
    "pk": "a98c81e5-fac9-4bb4-847c-8de33110615a"
},
{
    "model": "core.address", 
    "fields": {
        "country": "IN", 
        "tag": "Halfkine-Bio-India", 
        "subdivision": "", 
        "is_deleted": false, 
        "street": "Halfkine India", 
        "zip": "", 
        "created_by": 2, 
        "city": "", 
        "created": "2014-01-16T10:21:23.336Z", 
        "modified_by": 2, 
        "modified": "2014-01-16T14:31:28.860Z"
    }, 
    "pk": "06dd0d02-6ca5-4d86-a60b-9a35523eb838"
},
{
    "model": "core.address", 
    "fields": {
        "country": "US", 
        "tag": "Wyeth", 
        "subdivision": "", 
        "is_deleted": false, 
        "street": "Wyeth", 
        "zip": "", 
        "created_by": 2, 
        "city": "", 
        "created": "2014-01-16T10:40:59.568Z", 
        "modified_by": 2, 
        "modified": "2014-01-16T10:40:59.586Z"
    }, 
    "pk": "130bdf55-44db-4122-abef-4af12841f3af"
},
{
    "model": "core.address", 
    "fields": {
        "country": "SE", 
        "tag": "SBL Vaccin", 
        "subdivision": "", 
        "is_deleted": false, 
        "street": "", 
        "zip": "", 
        "created_by": 2, 
        "city": "", 
        "created": "2014-01-16T10:37:08.117Z", 
        "modified_by": 2, 
        "modified": "2014-01-16T10:37:08.135Z"
    }, 
    "pk": "22014056-f993-4a50-8c15-8ce9dac655cf"
},
{
    "model": "core.address", 
    "fields": {
        "country": "US", 
        "tag": "Merck", 
        "subdivision": "", 
        "is_deleted": false, 
        "street": "Merck Sharp and Dohme Corp", 
        "zip": "", 
        "created_by": 2, 
        "city": "", 
        "created": "2014-01-16T10:27:21.282Z", 
        "modified_by": 2, 
        "modified": "2014-01-16T10:27:21.299Z"
    }, 
    "pk": "2d6bee76-1345-49c1-ae3e-a5c2d3da88e8"
},
{
    "model": "core.address", 
    "fields": {
        "country": "FR", 
        "tag": "Sanofi", 
        "subdivision": "", 
        "is_deleted": false, 
        "street": "", 
        "zip": "", 
        "created_by": 2, 
        "city": "", 
        "created": "2014-01-16T10:35:41.639Z", 
        "modified_by": 2, 
        "modified": "2014-01-16T10:35:41.657Z"
    }, 
    "pk": "30858821-cc2c-4cec-bf35-763fa0e1aa4b"
},
{
    "model": "core.address", 
    "fields": {
        "country": "FR", 
        "tag": "Sanofi Pasteur", 
        "subdivision": "", 
        "is_deleted": false, 
        "street": "", 
        "zip": "", 
        "created_by": 2, 
        "city": "", 
        "created": "2014-01-16T10:36:16.889Z", 
        "modified_by": 2, 
        "modified": "2014-01-16T10:36:16.906Z"
    }, 
    "pk": "4db52fee-e9c4-4bf7-b44f-21911095fb2f"
},
{
    "model": "core.address", 
    "fields": {
        "country": "JP", 
        "tag": "Japan BCG", 
        "subdivision": "", 
        "is_deleted": false, 
        "street": "", 
        "zip": "", 
        "created_by": 2, 
        "city": "", 
        "created": "2014-01-16T10:24:45.098Z", 
        "modified_by": 2, 
        "modified": "2014-01-16T10:24:45.115Z"
    }, 
    "pk": "597899d8-c542-412f-9bfd-39ba2a6fde6a"
},
{
    "model": "core.address", 
    "fields": {
        "country": "IN", 
        "tag": "Bharat Biotech Address", 
        "subdivision": "", 
        "is_deleted": false, 
        "street": "Bharat Biotech", 
        "zip": "", 
        "created_by": 2, 
        "city": "", 
        "created": "2014-01-16T10:10:52.111Z", 
        "modified_by": 2, 
        "modified": "2014-01-16T10:10:52.136Z"
    }, 
    "pk": "6c86bc9b-20a5-4e51-8d17-beb3662115c2"
},
{
    "model": "core.address", 
    "fields": {
        "country": "IN", 
        "tag": "Biological E", 
        "subdivision": "", 
        "is_deleted": false, 
        "street": "Biological E", 
        "zip": "", 
        "created_by": 2, 
        "city": "", 
        "created": "2014-01-16T13:06:34.642Z", 
        "modified_by": 2, 
        "modified": "2014-01-16T13:06:34.660Z"
    }, 
    "pk": "79daf985-7df7-43af-b493-d2f0f84c42c1"
},
{
    "model": "core.address", 
    "fields": {
        "country": "IT", 
        "tag": "Novartis Italy", 
        "subdivision": "", 
        "is_deleted": false, 
        "street": "", 
        "zip": "", 
        "created_by": 2, 
        "city": "", 
        "created": "2014-01-16T10:18:43.573Z", 
        "modified_by": 2, 
        "modified": "2014-01-16T10:18:43.591Z"
    }, 
    "pk": "89a23ad6-3624-4acf-8856-4469b1f85901"
},
{
    "model": "core.address", 
    "fields": {
        "country": "IN", 
        "tag": "Zydus Cadila", 
        "subdivision": "", 
        "is_deleted": false, 
        "street": "Zydus Cadila", 
        "zip": "", 
        "created_by": 2, 
        "city": "", 
        "created": "2014-01-16T10:40:39.359Z", 
        "modified_by": 2, 
        "modified": "2014-01-16T10:40:39.376Z"
    }, 
    "pk": "8d282981-7e9e-430f-b6dd-004bf5d1951c"
},
{
    "model": "core.address", 
    "fields": {
        "country": "SN", 
        "tag": "Institut Pasteur Dakar", 
        "subdivision": "", 
        "is_deleted": false, 
        "street": "", 
        "zip": "", 
        "created_by": 2, 
        "city": "", 
        "created": "2014-01-16T10:22:31.268Z", 
        "modified_by": 2, 
        "modified": "2014-01-16T10:23:25.759Z"
    }, 
    "pk": "914ad6d6-83ef-42a0-ba9d-5dc7d91173aa"
},
{
    "model": "core.address", 
    "fields": {
        "country": "KR", 
        "tag": "LG Life", 
        "subdivision": "", 
        "is_deleted": false, 
        "street": "", 
        "zip": "", 
        "created_by": 2, 
        "city": "", 
        "created": "2014-01-16T10:26:19.663Z", 
        "modified_by": 2, 
        "modified": "2014-01-16T10:26:19.681Z"
    }, 
    "pk": "946d2af5-9a5e-4c21-92a0-33d53afc5764"
},
{
    "model": "core.address", 
    "fields": {
        "country": "DK", 
        "tag": "Staten SerumInstitut", 
        "subdivision": "", 
        "is_deleted": false, 
        "street": "Staten SerumInstitut", 
        "zip": "", 
        "created_by": 2, 
        "city": "", 
        "created": "2014-01-16T10:39:40.048Z", 
        "modified_by": 2, 
        "modified": "2014-01-16T10:39:40.065Z"
    }, 
    "pk": "a120bf1e-2f23-4caa-b04d-0a58ff9f7001"
},
{
    "model": "core.address", 
    "fields": {
        "country": "RU", 
        "tag": "Chumakov", 
        "subdivision": "", 
        "is_deleted": false, 
        "street": "GBO-MBP", 
        "zip": "", 
        "created_by": 2, 
        "city": "", 
        "created": "2014-01-16T10:43:06.193Z", 
        "modified_by": 2, 
        "modified": "2014-01-16T10:43:06.209Z"
    }, 
    "pk": "a17f3ea4-2613-4212-8075-7382b11f44e8"
},
{
    "model": "core.address", 
    "fields": {
        "country": "IN", 
        "tag": "Panacea", 
        "subdivision": "", 
        "is_deleted": false, 
        "street": "Panacea Tech", 
        "zip": "", 
        "created_by": 2, 
        "city": "", 
        "created": "2014-01-16T10:31:59.279Z", 
        "modified_by": 2, 
        "modified": "2014-01-16T10:31:59.296Z"
    }, 
    "pk": "a5517ec2-329c-4afb-9f1e-e4e5cfe5238f"
},
{
    "model": "core.address", 
    "fields": {
        "country": "BG", 
        "tag": "BB-NCIPD LTD", 
        "subdivision": "", 
        "is_deleted": false, 
        "street": "", 
        "zip": "", 
        "created_by": 2, 
        "city": "", 
        "created": "2014-01-16T10:30:59.842Z", 
        "modified_by": 2, 
        "modified": "2014-01-16T10:30:59.859Z"
    }, 
    "pk": "abac9716-9f07-4a9a-9b36-f1e2d7ffa9e7"
},
{
    "model": "core.address", 
    "fields": {
        "country": "DE", 
        "tag": "Novartis Germany", 
        "subdivision": "", 
        "is_deleted": false, 
        "street": "", 
        "zip": "", 
        "created_by": 2, 
        "city": "", 
        "created": "2014-01-16T10:17:57.974Z", 
        "modified_by": 2, 
        "modified": "2014-01-16T10:17:57.991Z"
    }, 
    "pk": "b9391beb-c92c-4964-b142-691df0e333c7"
},
{
    "model": "core.address", 
    "fields": {
        "country": "IN", 
        "tag": "Novartis India", 
        "subdivision": "", 
        "is_deleted": false, 
        "street": "", 
        "zip": "", 
        "created_by": 2, 
        "city": "", 
        "created": "2014-01-16T10:18:25.476Z", 
        "modified_by": 2, 
        "modified": "2014-01-16T10:18:25.493Z"
    }, 
    "pk": "c1bcdee5-0112-4fbe-8e34-02dd851b767f"
},
{
    "model": "core.address", 
    "fields": {
        "country": "BR", 
        "tag": "Biomanguinhos", 
        "subdivision": "", 
        "is_deleted": false, 
        "street": "", 
        "zip": "", 
        "created_by": 2, 
        "city": "", 
        "created": "2014-01-16T10:13:55.163Z", 
        "modified_by": 2, 
        "modified": "2014-01-16T10:13:55.181Z"
    }, 
    "pk": "c5df5f52-d4a4-4424-a246-eb32ac737b8a"
},
{
    "model": "core.address", 
    "fields": {
        "country": "IN", 
        "tag": "Serum Institute of India", 
        "subdivision": "", 
        "is_deleted": false, 
        "street": "", 
        "zip": "", 
        "created_by": 2, 
        "city": "", 
        "created": "2014-01-16T10:37:34.660Z", 
        "modified_by": 2, 
        "modified": "2014-01-16T10:37:34.677Z"
    }, 
    "pk": "c7f736a8-6140-4fe7-bd6a-b46bac859fd1"
},
{
    "model": "core.address", 
    "fields": {
        "country": "KR", 
        "tag": "Berna Biotech", 
        "subdivision": "", 
        "is_deleted": false, 
        "street": "", 
        "zip": "", 
        "created_by": 2, 
        "city": "", 
        "created": "2014-01-16T13:14:39.373Z", 
        "modified_by": 2, 
        "modified": "2014-01-16T13:14:39.390Z"
    }, 
    "pk": "cbba1fb3-0022-4478-bfde-aa7d660a7223"
},
{
    "model": "core.address", 
    "fields": {
        "country": "NL", 
        "tag": "NVI", 
        "subdivision": "", 
        "is_deleted": false, 
        "street": "Netherland Vaccine Institute", 
        "zip": "", 
        "created_by": 2, 
        "city": "", 
        "created": "2014-01-16T10:41:38.495Z", 
        "modified_by": 2, 
        "modified": "2014-01-16T10:41:38.512Z"
    }, 
    "pk": "ce08979b-2a2e-4251-9970-ef51e1eca1ab"
},
{
    "model": "core.address", 
    "fields": {
        "country": "RU", 
        "tag": "GBO-MBP", 
        "subdivision": "", 
        "is_deleted": false, 
        "street": "GBO-MBP", 
        "zip": "", 
        "created_by": 2, 
        "city": "", 
        "created": "2014-01-16T10:42:13.838Z", 
        "modified_by": 2, 
        "modified": "2014-01-16T10:42:13.856Z"
    }, 
    "pk": "d07a5e7d-40bd-4ace-a0f5-1d791ab16515"
},
{
    "model": "core.address", 
    "fields": {
        "country": "ID", 
        "tag": "BioFarm", 
        "subdivision": "", 
        "is_deleted": false, 
        "street": "BioFarm ", 
        "zip": "", 
        "created_by": 2, 
        "city": "", 
        "created": "2014-01-16T10:12:28.285Z", 
        "modified_by": 2, 
        "modified": "2014-01-16T10:12:28.302Z"
    }, 
    "pk": "d73e6382-784c-41b9-a37a-13f19eb3d850"
},
{
    "model": "core.address", 
    "fields": {
        "country": "BE", 
        "tag": "GSK-Belgium", 
        "subdivision": "", 
        "is_deleted": false, 
        "street": "GlaxoSmithKline", 
        "zip": "", 
        "created_by": 2, 
        "city": "", 
        "created": "2014-01-16T10:20:40.427Z", 
        "modified_by": 2, 
        "modified": "2014-01-16T10:20:40.445Z"
    }, 
    "pk": "e73f4d4b-4d5f-4ddc-ad5e-3a795b165a0f"
},
{
    "model": "core.address", 
    "fields": {
        "country": "CN", 
        "tag": "Agnary China", 
        "subdivision": "", 
        "is_deleted": false, 
        "street": "Agnary China", 
        "zip": "", 
        "created_by": 2, 
        "city": "", 
        "created": "2014-01-16T13:03:44.896Z", 
        "modified_by": 2, 
        "modified": "2014-01-16T13:03:44.916Z"
    }, 
    "pk": "f73bf0fa-574a-4737-9d5a-6679a0d203c9"
},
{
    "model": "core.address", 
    "fields": {
        "country": "IN", 
        "tag": "Shantha Biotechnics", 
        "subdivision": "", 
        "is_deleted": false, 
        "street": "Shantha Biotechnics LTD", 
        "zip": "", 
        "created_by": 2, 
        "city": "", 
        "created": "2014-01-16T10:38:39.948Z", 
        "modified_by": 2, 
        "modified": "2014-01-16T10:38:39.966Z"
    }, 
    "pk": "fde275a8-1afd-4bef-9013-54373b513032"
},
{
    "model": "core.company", 
    "fields": {
        "code": "Sanofi-Pasteur", 
        "is_deleted": false, 
        "contact": null, 
        "category": "02ab03c2-2770-444a-83ee-4e989b4f31ab", 
        "created_by": 1, 
        "footer": "", 
        "address": "4db52fee-e9c4-4bf7-b44f-21911095fb2f", 
        "modified_by": 1, 
        "created": "2014-01-16T15:39:21.555Z", 
        "header": "", 
        "products": [
            "e55e1452-b0ab-4046-9d7e-3a98f1f968d0", 
            "abe41e88-ab4a-4c6f-b7a4-4549e13fb758", 
            "f96946be-7dac-438e-9220-efc386276481", 
            "6c96fe02-c345-47ff-8bf3-9cdbbabe3701", 
            "7a274913-1ce5-45d2-b438-a62bc9c373c2", 
            "f03be189-4a2b-42ed-b624-822555ada6a6", 
            "f7675c7e-856a-45e8-b2af-d50f42950ac1", 
            "939d5e05-2aa4-4883-9246-35c60dfa06a5"
        ], 
        "modified": "2014-01-16T15:46:16.889Z", 
        "name": "Sanofi Pasteur"
    }, 
    "pk": "032404e3-3ac0-46c6-80c3-8471294c0c04"
},
{
    "model": "core.company", 
    "fields": {
        "code": "Chumakov", 
        "is_deleted": false, 
        "contact": null, 
        "category": "02ab03c2-2770-444a-83ee-4e989b4f31ab", 
        "created_by": 2, 
        "footer": "", 
        "address": "a17f3ea4-2613-4212-8075-7382b11f44e8", 
        "modified_by": 2, 
        "created": "2014-01-16T13:28:02.178Z", 
        "header": "", 
        "products": [
            "111fbb51-0c5a-492a-97f6-2c7664e23d01", 
            "19e16c20-04b7-4e06-a679-7f7b60d976be"
        ], 
        "modified": "2014-01-16T13:28:02.201Z", 
        "name": "Chumakov"
    }, 
    "pk": "09a3d06d-f1f7-4a99-bb1a-d82e8cae0c11"
},
{
    "model": "core.company", 
    "fields": {
        "code": "LG-Life", 
        "is_deleted": false, 
        "contact": null, 
        "category": "02ab03c2-2770-444a-83ee-4e989b4f31ab", 
        "created_by": 2, 
        "footer": "", 
        "address": "946d2af5-9a5e-4c21-92a0-33d53afc5764", 
        "modified_by": 2, 
        "created": "2014-01-16T14:48:28.168Z", 
        "header": "", 
        "products": [
            "7a274913-1ce5-45d2-b438-a62bc9c373c2"
        ], 
        "modified": "2014-01-16T14:48:28.190Z", 
        "name": "LG-Life"
    }, 
    "pk": "267db2b3-70a1-49e4-ba41-866ff39a74e1"
},
{
    "model": "core.company", 
    "fields": {
        "code": "Berna-B", 
        "is_deleted": false, 
        "contact": null, 
        "category": "02ab03c2-2770-444a-83ee-4e989b4f31ab", 
        "created_by": 2, 
        "footer": "", 
        "address": "cbba1fb3-0022-4478-bfde-aa7d660a7223", 
        "modified_by": 2, 
        "created": "2014-01-16T13:18:03.967Z", 
        "header": "", 
        "products": [
            "1a48640e-5eca-46ad-b3e8-e15e913fa5b8", 
            "9a2b7576-860d-45c7-87ae-9d1fd1ec39f2"
        ], 
        "modified": "2014-01-16T13:18:04.034Z", 
        "name": "Berna Biotech"
    }, 
    "pk": "396716a4-22af-4df4-a0a6-fc1162327303"
},
{
    "model": "core.company", 
    "fields": {
        "code": "Halfkine-Bio-IN", 
        "is_deleted": false, 
        "contact": null, 
        "category": "02ab03c2-2770-444a-83ee-4e989b4f31ab", 
        "created_by": 2, 
        "footer": "", 
        "address": "06dd0d02-6ca5-4d86-a60b-9a35523eb838", 
        "modified_by": 2, 
        "created": "2014-01-16T14:33:12.156Z", 
        "header": "", 
        "products": [
            "db513859-4491-4db7-9343-4980a16c8b04"
        ], 
        "modified": "2014-01-16T14:33:12.180Z", 
        "name": "Halfkine Bio India"
    }, 
    "pk": "5ab168f0-2c89-4cf6-963f-35dc6d126f94"
},
{
    "model": "core.company", 
    "fields": {
        "code": "GSK-Bel", 
        "is_deleted": false, 
        "contact": null, 
        "category": "02ab03c2-2770-444a-83ee-4e989b4f31ab", 
        "created_by": 2, 
        "footer": "", 
        "address": "e73f4d4b-4d5f-4ddc-ad5e-3a795b165a0f", 
        "modified_by": 2, 
        "created": "2014-01-16T14:22:50.204Z", 
        "header": "", 
        "products": [
            "73b21b94-4f3f-47aa-8089-0aacdbbe8643", 
            "06c300db-cd21-401d-9bba-71d0b0b0b3b2", 
            "296a7a40-5ae8-4479-b3d9-6baea4800a7f", 
            "db513859-4491-4db7-9343-4980a16c8b04"
        ], 
        "modified": "2014-01-16T14:22:50.239Z", 
        "name": "GlaxoSmithKline-Belgium"
    }, 
    "pk": "7049fd5a-dbf9-4e89-a8ec-f02e5c2d0013"
},
{
    "model": "core.company", 
    "fields": {
        "code": "BioFarm", 
        "is_deleted": false, 
        "contact": null, 
        "category": "02ab03c2-2770-444a-83ee-4e989b4f31ab", 
        "created_by": 2, 
        "footer": "", 
        "address": "d73e6382-784c-41b9-a37a-13f19eb3d850", 
        "modified_by": 2, 
        "created": "2014-01-16T13:24:17.003Z", 
        "header": "", 
        "products": [
            "1203c362-b7a8-499a-b7ba-b842bace7920", 
            "db513859-4491-4db7-9343-4980a16c8b04", 
            "939d5e05-2aa4-4883-9246-35c60dfa06a5"
        ], 
        "modified": "2014-01-16T13:24:17.022Z", 
        "name": "BioFarm"
    }, 
    "pk": "7e052c79-61d5-4b32-8aec-fc4d31567832"
},
{
    "model": "core.company", 
    "fields": {
        "code": "Novartis-IT", 
        "is_deleted": false, 
        "contact": null, 
        "category": "02ab03c2-2770-444a-83ee-4e989b4f31ab", 
        "created_by": 1, 
        "footer": "", 
        "address": "89a23ad6-3624-4acf-8856-4469b1f85901", 
        "modified_by": 1, 
        "created": "2014-01-16T15:33:45.794Z", 
        "header": "", 
        "products": [
            "db513859-4491-4db7-9343-4980a16c8b04"
        ], 
        "modified": "2014-01-16T15:33:45.822Z", 
        "name": "Norvatis Italy"
    }, 
    "pk": "834952ee-e04a-47b2-b1c7-19ad37a881e9"
},
{
    "model": "core.company", 
    "fields": {
        "code": "FG", 
        "is_deleted": false, 
        "contact": null, 
        "category": "ac2c0f0a-fce8-43cf-9d81-cf6b6085f0f2", 
        "created_by": 1, 
        "footer": "", 
        "address": null, 
        "modified_by": 1, 
        "created": "2014-01-18T13:40:02.499Z", 
        "header": "", 
        "products": [], 
        "modified": "2014-01-18T13:40:02.604Z", 
        "name": "Federal Government of Nigeria"
    }, 
    "pk": "87191ec7-3be6-4b7b-ac0f-be9ce0e80e51"
},
{
    "model": "core.company", 
    "fields": {
        "code": "SSI", 
        "is_deleted": false, 
        "contact": null, 
        "category": "02ab03c2-2770-444a-83ee-4e989b4f31ab", 
        "created_by": 2, 
        "footer": "", 
        "address": "a120bf1e-2f23-4caa-b04d-0a58ff9f7001", 
        "modified_by": 2, 
        "created": "2014-01-16T15:24:15.403Z", 
        "header": "", 
        "products": [
            "e55e1452-b0ab-4046-9d7e-3a98f1f968d0", 
            "abe41e88-ab4a-4c6f-b7a4-4549e13fb758"
        ], 
        "modified": "2014-01-16T15:24:15.433Z", 
        "name": "Statens Serum Institute"
    }, 
    "pk": "a52231ab-f053-486c-8a3f-1c883b919556"
},
{
    "model": "core.company", 
    "fields": {
        "code": "Bio-E", 
        "is_deleted": false, 
        "contact": null, 
        "category": "02ab03c2-2770-444a-83ee-4e989b4f31ab", 
        "created_by": 2, 
        "footer": "", 
        "address": "79daf985-7df7-43af-b493-d2f0f84c42c1", 
        "modified_by": 2, 
        "created": "2014-01-16T15:14:55.452Z", 
        "header": "", 
        "products": [
            "1203c362-b7a8-499a-b7ba-b842bace7920"
        ], 
        "modified": "2014-01-16T15:14:55.485Z", 
        "name": "Biological E"
    }, 
    "pk": "e1b5260d-8d2a-4ada-bfb4-089bd2947294"
},
{
    "model": "core.company", 
    "fields": {
        "code": "JP-BCG", 
        "is_deleted": false, 
        "contact": null, 
        "category": "02ab03c2-2770-444a-83ee-4e989b4f31ab", 
        "created_by": 2, 
        "footer": "", 
        "address": "597899d8-c542-412f-9bfd-39ba2a6fde6a", 
        "modified_by": 2, 
        "created": "2014-01-16T14:42:41.333Z", 
        "header": "", 
        "products": [
            "e55e1452-b0ab-4046-9d7e-3a98f1f968d0", 
            "abe41e88-ab4a-4c6f-b7a4-4549e13fb758"
        ], 
        "modified": "2014-01-16T14:42:41.362Z", 
        "name": "Japan BCG"
    }, 
    "pk": "e3f15251-1d56-40c3-90bf-f2dda783d7f9"
},
{
    "model": "core.company", 
    "fields": {
        "code": "THF", 
        "is_deleted": false, 
        "contact": null, 
        "category": "e276a4b5-694a-4f03-94e0-c28ca4894410", 
        "created_by": 1, 
        "footer": "", 
        "address": null, 
        "modified_by": 1, 
        "created": "2014-01-17T08:18:40.349Z", 
        "header": "", 
        "products": [], 
        "modified": "2014-01-17T08:18:40.408Z", 
        "name": "Test Health Facility"
    }, 
    "pk": "fa3fdb8e-24bb-4ba6-b598-050c6285d08e"
},
{
    "model": "core.companycategory", 
    "fields": {
        "parent": null, 
        "is_deleted": false, 
        "name": "Manufacturer", 
        "level": 0, 
        "tree_id": 1, 
        "rght": 2, 
        "created_by": 2, 
        "lft": 1, 
        "created": "2014-01-16T11:04:36.752Z", 
        "modified_by": 2, 
        "modified": "2014-01-16T11:04:36.924Z"
    }, 
    "pk": "02ab03c2-2770-444a-83ee-4e989b4f31ab"
},
{
    "model": "core.companycategory", 
    "fields": {
        "parent": null, 
        "is_deleted": false, 
        "name": "Partners", 
        "level": 0, 
        "tree_id": 3, 
        "rght": 2, 
        "created_by": 2, 
        "lft": 1, 
        "created": "2014-01-16T11:04:53.828Z", 
        "modified_by": 2, 
        "modified": "2014-01-16T11:04:53.850Z"
    }, 
    "pk": "ac2c0f0a-fce8-43cf-9d81-cf6b6085f0f2"
},
{
    "model": "core.companycategory", 
    "fields": {
        "parent": null, 
        "is_deleted": false, 
        "name": "Facility", 
        "level": 0, 
        "tree_id": 2, 
        "rght": 2, 
        "created_by": 2, 
        "lft": 1, 
        "created": "2014-01-16T11:04:45.328Z", 
        "modified_by": 2, 
        "modified": "2014-01-16T11:04:45.342Z"
    }, 
    "pk": "e276a4b5-694a-4f03-94e0-c28ca4894410"
},
{
    "model": "core.employeecategory", 
    "fields": {
        "parent": null, 
        "is_deleted": false, 
        "name": "Partner Staff", 
        "level": 0, 
        "tree_id": 1, 
        "rght": 2, 
        "created_by": 1, 
        "lft": 1, 
        "created": "2014-01-17T08:07:15.948Z", 
        "modified_by": 1, 
        "modified": "2014-01-17T08:07:16.077Z"
    }, 
    "pk": "c4471904-3f50-43a5-b644-0c27793024b3"
},
{
    "model": "core.employee", 
    "fields": {
        "code": "KN-FAC1-JF", 
        "is_deleted": false, 
        "contact": null, 
        "category": "c4471904-3f50-43a5-b644-0c27793024b3", 
        "created_by": 1, 
        "main_company": null, 
        "address": null, 
        "current_company": "fa3fdb8e-24bb-4ba6-b598-050c6285d08e", 
        "created": "2014-01-17T08:07:52.084Z", 
        "user": 1, 
        "modified_by": 1, 
        "modified": "2014-01-17T08:19:44.718Z", 
        "name": "jideobi ofomah"
    }, 
    "pk": "47a85503-d753-4f86-966e-dedf4d4871cb"
},
{
    "model": "core.productcategory", 
    "fields": {
        "parent": "1c761db0-d7f3-4abf-8c12-6c678f862851", 
        "is_deleted": false, 
        "name": "Bednets", 
        "level": 1, 
        "tree_id": 4, 
        "rght": 3, 
        "created_by": 1, 
        "lft": 2, 
        "created": "2014-01-16T20:10:03.622Z", 
        "modified_by": 1, 
        "modified": "2014-01-16T20:10:04.437Z"
    }, 
    "pk": "12901ecf-b2be-4ebc-b27e-bd72e198926d"
},
{
    "model": "core.productcategory", 
    "fields": {
        "parent": null, 
        "is_deleted": false, 
        "name": "Supplies", 
        "level": 0, 
        "tree_id": 4, 
        "rght": 4, 
        "created_by": 2, 
        "lft": 1, 
        "created": "2014-01-15T14:33:49.266Z", 
        "modified_by": 2, 
        "modified": "2014-01-15T14:33:49.317Z"
    }, 
    "pk": "1c761db0-d7f3-4abf-8c12-6c678f862851"
},
{
    "model": "core.productcategory", 
    "fields": {
        "parent": null, 
        "is_deleted": false, 
        "name": "Vaccines", 
        "level": 0, 
        "tree_id": 6, 
        "rght": 2, 
        "created_by": 2, 
        "lft": 1, 
        "created": "2014-01-15T14:27:28.936Z", 
        "modified_by": 2, 
        "modified": "2014-01-15T14:27:29.044Z"
    }, 
    "pk": "66e1bc4f-1dab-4842-80c5-49f626bde74e"
},
{
    "model": "core.productcategory", 
    "fields": {
        "parent": null, 
        "is_deleted": false, 
        "name": "Deworming", 
        "level": 0, 
        "tree_id": 2, 
        "rght": 2, 
        "created_by": 1, 
        "lft": 1, 
        "created": "2014-01-17T11:13:13.034Z", 
        "modified_by": 1, 
        "modified": "2014-01-17T11:13:13.104Z"
    }, 
    "pk": "7f3a08f8-fc01-43f6-b198-51ed9f5a0d75"
},
{
    "model": "core.productcategory", 
    "fields": {
        "parent": null, 
        "is_deleted": false, 
        "name": "Diluents", 
        "level": 0, 
        "tree_id": 3, 
        "rght": 2, 
        "created_by": 2, 
        "lft": 1, 
        "created": "2014-01-15T14:29:25.530Z", 
        "modified_by": 2, 
        "modified": "2014-01-15T14:29:25.591Z"
    }, 
    "pk": "87a63faf-b035-4ed7-ac59-9d62f3cc4b74"
},
{
    "model": "core.productcategory", 
    "fields": {
        "parent": null, 
        "is_deleted": false, 
        "name": "Devices", 
        "level": 0, 
        "tree_id": 1, 
        "rght": 2, 
        "created_by": 2, 
        "lft": 1, 
        "created": "2014-01-15T14:33:17.409Z", 
        "modified_by": 2, 
        "modified": "2014-01-15T14:33:17.457Z"
    }, 
    "pk": "99fde088-7ff2-4545-b0c1-8f2c36911f01"
},
{
    "model": "core.productcategory", 
    "fields": {
        "parent": null, 
        "is_deleted": false, 
        "name": "Vitamins", 
        "level": 0, 
        "tree_id": 7, 
        "rght": 2, 
        "created_by": 1, 
        "lft": 1, 
        "created": "2014-01-17T11:12:39.631Z", 
        "modified_by": 1, 
        "modified": "2014-01-17T11:12:39.765Z"
    }, 
    "pk": "a0f10e2e-cffa-42c4-832b-1ba0e48caa64"
},
{
    "model": "core.productcategory", 
    "fields": {
        "parent": null, 
        "is_deleted": false, 
        "name": "Syringes", 
        "level": 0, 
        "tree_id": 5, 
        "rght": 2, 
        "created_by": 2, 
        "lft": 1, 
        "created": "2014-01-15T14:29:08.142Z", 
        "modified_by": 2, 
        "modified": "2014-01-15T14:29:08.182Z"
    }, 
    "pk": "d5ffa6bd-58d2-41b5-a688-6a9d6894c5ae"
},
{
    "model": "core.product", 
    "fields": {
        "active": true, 
        "description": "", 
        "code": "MR", 
        "is_deleted": false, 
        "name": "Measles-Rubella Freeze Dried", 
        "category": "66e1bc4f-1dab-4842-80c5-49f626bde74e", 
        "created_by": 2, 
        "base_uom": "e5def927-b173-44b6-9112-3103a473a65c", 
        "created": "2014-01-15T15:08:13.541Z", 
        "modified_by": 2, 
        "modified": "2014-01-15T15:08:13.564Z"
    }, 
    "pk": "00f987e4-54e1-46f0-820b-b249a6d38759"
},
{
    "model": "core.product", 
    "fields": {
        "active": true, 
        "description": "diluent for Diluents Meningococcal Conjugate A vaccine", 
        "code": "dil-Men-Conj-A", 
        "is_deleted": false, 
        "name": "Diluents Meningococcal Conjugate A", 
        "category": "87a63faf-b035-4ed7-ac59-9d62f3cc4b74", 
        "created_by": 2, 
        "base_uom": "e5def927-b173-44b6-9112-3103a473a65c", 
        "created": "2014-01-16T08:10:45.075Z", 
        "modified_by": 2, 
        "modified": "2014-01-16T08:10:45.100Z"
    }, 
    "pk": "0119b3c7-cc17-43c2-a23d-7801ab5fca53"
},
{
    "model": "core.product", 
    "fields": {
        "active": true, 
        "description": "diluent for Rotavirus vaccine", 
        "code": "Dil-RV", 
        "is_deleted": false, 
        "name": "Diluents Rotavirus Vaccine", 
        "category": "87a63faf-b035-4ed7-ac59-9d62f3cc4b74", 
        "created_by": 2, 
        "base_uom": "e5def927-b173-44b6-9112-3103a473a65c", 
        "created": "2014-01-16T08:17:10.823Z", 
        "modified_by": 2, 
        "modified": "2014-01-16T08:17:10.860Z"
    }, 
    "pk": "03c82364-2f11-4247-8e85-0a253bd2acf3"
},
{
    "model": "core.product", 
    "fields": {
        "active": true, 
        "description": "", 
        "code": "ITN-Large-Rectangular", 
        "is_deleted": false, 
        "name": "Bednet Rectangular ITN 160x180x150", 
        "category": "1c761db0-d7f3-4abf-8c12-6c678f862851", 
        "created_by": 1, 
        "base_uom": "6240f4fb-1416-4d16-b124-f1641d541dcb", 
        "created": "2014-01-16T20:05:33.343Z", 
        "modified_by": 1, 
        "modified": "2014-01-16T20:05:33.368Z"
    }, 
    "pk": "064477a8-e36d-480d-bffa-56ce8079ea2c"
},
{
    "model": "core.product", 
    "fields": {
        "active": true, 
        "description": "", 
        "code": "Dil-MV-A/C/W/Y", 
        "is_deleted": false, 
        "name": "Diluent Meningococcal A/C/W/Y", 
        "category": "87a63faf-b035-4ed7-ac59-9d62f3cc4b74", 
        "created_by": 2, 
        "base_uom": "e5def927-b173-44b6-9112-3103a473a65c", 
        "created": "2014-01-16T13:41:09.609Z", 
        "modified_by": 2, 
        "modified": "2014-01-16T13:44:46.507Z"
    }, 
    "pk": "06c300db-cd21-401d-9bba-71d0b0b0b3b2"
},
{
    "model": "core.product", 
    "fields": {
        "active": true, 
        "description": "it is a protection against cervical cancer.", 
        "code": "HPV", 
        "is_deleted": false, 
        "name": "Human Papilomavirus Vaccine", 
        "category": "66e1bc4f-1dab-4842-80c5-49f626bde74e", 
        "created_by": 2, 
        "base_uom": "e5def927-b173-44b6-9112-3103a473a65c", 
        "created": "2014-01-15T15:59:30.999Z", 
        "modified_by": 2, 
        "modified": "2014-01-15T15:59:31.031Z"
    }, 
    "pk": "0930b906-4802-4a65-8516-057bd839db3e"
},
{
    "model": "core.product", 
    "fields": {
        "active": true, 
        "description": "an antiworm medication, kills parasites.", 
        "code": "Mebendazole-Tab", 
        "is_deleted": false, 
        "name": "Mebendazole Tablet", 
        "category": "7f3a08f8-fc01-43f6-b198-51ed9f5a0d75", 
        "created_by": 1, 
        "base_uom": "6240f4fb-1416-4d16-b124-f1641d541dcb", 
        "created": "2014-01-17T11:29:38.835Z", 
        "modified_by": 1, 
        "modified": "2014-01-17T11:29:38.870Z"
    }, 
    "pk": "0a6b42bc-2f1c-4c17-b917-5d5dcc4b5a84"
},
{
    "model": "core.product", 
    "fields": {
        "active": true, 
        "description": "", 
        "code": "MMR", 
        "is_deleted": false, 
        "name": "Measles-Mumps-Rubella Freeze Dried", 
        "category": "66e1bc4f-1dab-4842-80c5-49f626bde74e", 
        "created_by": 2, 
        "base_uom": "e5def927-b173-44b6-9112-3103a473a65c", 
        "created": "2014-01-15T14:58:05.292Z", 
        "modified_by": 2, 
        "modified": "2014-01-15T15:06:47.869Z"
    }, 
    "pk": "10c39d68-b29f-48c5-9453-af58e63016ad"
},
{
    "model": "core.product", 
    "fields": {
        "active": true, 
        "description": "diluent for Yellow Fever vaccine", 
        "code": "Dil-YF", 
        "is_deleted": false, 
        "name": "Diluents Yellow fever", 
        "category": "87a63faf-b035-4ed7-ac59-9d62f3cc4b74", 
        "created_by": 2, 
        "base_uom": "e5def927-b173-44b6-9112-3103a473a65c", 
        "created": "2014-01-16T08:31:06.444Z", 
        "modified_by": 2, 
        "modified": "2014-01-16T08:31:06.466Z"
    }, 
    "pk": "111fbb51-0c5a-492a-97f6-2c7664e23d01"
},
{
    "model": "core.product", 
    "fields": {
        "active": true, 
        "description": "combination vaccines against diphtheria, pertussis (whooping cough) and tetanus. ", 
        "code": "DTP", 
        "is_deleted": false, 
        "name": "Diphtheria-Tetanus-Pertussis", 
        "category": "66e1bc4f-1dab-4842-80c5-49f626bde74e", 
        "created_by": 2, 
        "base_uom": "e5def927-b173-44b6-9112-3103a473a65c", 
        "created": "2014-01-15T14:45:41.187Z", 
        "modified_by": 2, 
        "modified": "2014-01-15T14:47:19.121Z"
    }, 
    "pk": "1203c362-b7a8-499a-b7ba-b842bace7920"
},
{
    "model": "core.product", 
    "fields": {
        "active": true, 
        "description": "", 
        "code": "YF", 
        "is_deleted": false, 
        "name": "Yellow Fever", 
        "category": "66e1bc4f-1dab-4842-80c5-49f626bde74e", 
        "created_by": 2, 
        "base_uom": "e5def927-b173-44b6-9112-3103a473a65c", 
        "created": "2014-01-15T15:20:22.030Z", 
        "modified_by": 2, 
        "modified": "2014-01-15T15:20:22.053Z"
    }, 
    "pk": "19e16c20-04b7-4e06-a679-7f7b60d976be"
},
{
    "model": "core.product", 
    "fields": {
        "active": true, 
        "description": "diluent for Haemophilus Influenzae Type B  Freeze-dried vaccine", 
        "code": "Dil-HIB", 
        "is_deleted": false, 
        "name": "Diluents Haemophilus Influenzae Type B  Freeze-dried", 
        "category": "87a63faf-b035-4ed7-ac59-9d62f3cc4b74", 
        "created_by": 2, 
        "base_uom": "e5def927-b173-44b6-9112-3103a473a65c", 
        "created": "2014-01-16T08:30:28.376Z", 
        "modified_by": 2, 
        "modified": "2014-01-16T08:30:28.397Z"
    }, 
    "pk": "1a48640e-5eca-46ad-b3e8-e15e913fa5b8"
},
{
    "model": "core.product", 
    "fields": {
        "active": true, 
        "description": "diluent for Japanese Encephalitis Vaccine", 
        "code": "Dil-JE", 
        "is_deleted": false, 
        "name": "Diluents Japanese Encephalitis", 
        "category": "87a63faf-b035-4ed7-ac59-9d62f3cc4b74", 
        "created_by": 2, 
        "base_uom": "e5def927-b173-44b6-9112-3103a473a65c", 
        "created": "2014-01-16T08:16:17.834Z", 
        "modified_by": 2, 
        "modified": "2014-01-16T08:16:17.852Z"
    }, 
    "pk": "1c3b448b-ab16-4f6e-8274-8141c7941e5f"
},
{
    "model": "core.product", 
    "fields": {
        "active": true, 
        "description": "2ml syringe for dilution", 
        "code": "S-RUP-2ml", 
        "is_deleted": false, 
        "name": "Re-Use Prevention Syringes 2ml", 
        "category": "d5ffa6bd-58d2-41b5-a688-6a9d6894c5ae", 
        "created_by": 1, 
        "base_uom": "6240f4fb-1416-4d16-b124-f1641d541dcb", 
        "created": "2014-01-16T19:50:24.916Z", 
        "modified_by": 1, 
        "modified": "2014-01-16T19:50:24.945Z"
    }, 
    "pk": "1ca13038-955a-4f20-82f4-8f0aabd5cd36"
},
{
    "model": "core.product", 
    "fields": {
        "active": true, 
        "description": "", 
        "code": "DTP-HIB", 
        "is_deleted": false, 
        "name": "DTP-HIB Combined Liquid", 
        "category": "66e1bc4f-1dab-4842-80c5-49f626bde74e", 
        "created_by": 2, 
        "base_uom": "e5def927-b173-44b6-9112-3103a473a65c", 
        "created": "2014-01-15T15:33:44.467Z", 
        "modified_by": 2, 
        "modified": "2014-01-15T15:33:44.494Z"
    }, 
    "pk": "24272e47-f0a5-40cd-9d67-657cc766f0b3"
},
{
    "model": "core.product", 
    "fields": {
        "active": true, 
        "description": "auto disable 0.05ml syringe for injection", 
        "code": "ADS-0.05ml", 
        "is_deleted": false, 
        "name": "Auto-Disable Syringes 0.05ml", 
        "category": "d5ffa6bd-58d2-41b5-a688-6a9d6894c5ae", 
        "created_by": 1, 
        "base_uom": "6240f4fb-1416-4d16-b124-f1641d541dcb", 
        "created": "2014-01-16T19:39:58.044Z", 
        "modified_by": 1, 
        "modified": "2014-01-16T19:39:58.062Z"
    }, 
    "pk": "251fc8c2-0273-423f-a519-4ea20fc74832"
},
{
    "model": "core.product", 
    "fields": {
        "active": true, 
        "description": "", 
        "code": "ITN-Small-Circular", 
        "is_deleted": false, 
        "name": "Insectide Treated Net Circular 850x56x220", 
        "category": "12901ecf-b2be-4ebc-b27e-bd72e198926d", 
        "created_by": 1, 
        "base_uom": "6240f4fb-1416-4d16-b124-f1641d541dcb", 
        "created": "2014-01-16T20:07:24.146Z", 
        "modified_by": 1, 
        "modified": "2014-01-16T20:10:44.410Z"
    }, 
    "pk": "28cfb1aa-a2e9-4283-8854-5bdd81aeb00c"
},
{
    "model": "core.product", 
    "fields": {
        "active": true, 
        "description": "", 
        "code": "MV-A/C/W/Y", 
        "is_deleted": false, 
        "name": "Meningococcal A/C/W/Y", 
        "category": "66e1bc4f-1dab-4842-80c5-49f626bde74e", 
        "created_by": 2, 
        "base_uom": "e5def927-b173-44b6-9112-3103a473a65c", 
        "created": "2014-01-16T14:20:49.188Z", 
        "modified_by": 2, 
        "modified": "2014-01-16T14:20:49.217Z"
    }, 
    "pk": "296a7a40-5ae8-4479-b3d9-6baea4800a7f"
},
{
    "model": "core.product", 
    "fields": {
        "active": true, 
        "description": "for child suppliments", 
        "code": "Vit-A-Cap-100000-UL", 
        "is_deleted": false, 
        "name": "Vitamin A Capsule 100,000 UL", 
        "category": "a0f10e2e-cffa-42c4-832b-1ba0e48caa64", 
        "created_by": 1, 
        "base_uom": "6240f4fb-1416-4d16-b124-f1641d541dcb", 
        "created": "2014-01-17T11:19:48.225Z", 
        "modified_by": 1, 
        "modified": "2014-01-17T11:19:48.269Z"
    }, 
    "pk": "2d7bb63c-ebbc-474c-a2bc-685245241e73"
},
{
    "model": "core.product", 
    "fields": {
        "active": true, 
        "description": "", 
        "code": "DTP-HepB-Liq+Hib-FD", 
        "is_deleted": false, 
        "name": "DTP-HepB-Liquid-Hib-Freeze-Dried", 
        "category": "66e1bc4f-1dab-4842-80c5-49f626bde74e", 
        "created_by": 2, 
        "base_uom": "e5def927-b173-44b6-9112-3103a473a65c", 
        "created": "2014-01-15T15:35:10.482Z", 
        "modified_by": 2, 
        "modified": "2014-01-15T15:35:10.508Z"
    }, 
    "pk": "332dba42-88c8-42bf-873c-3f177bd494ae"
},
{
    "model": "core.product", 
    "fields": {
        "active": true, 
        "description": "", 
        "code": "SB-2.5L", 
        "is_deleted": false, 
        "name": "Safety Boxes 2.5 Litres", 
        "category": "1c761db0-d7f3-4abf-8c12-6c678f862851", 
        "created_by": 1, 
        "base_uom": "6240f4fb-1416-4d16-b124-f1641d541dcb", 
        "created": "2014-01-16T19:55:24.948Z", 
        "modified_by": 1, 
        "modified": "2014-01-16T19:55:24.971Z"
    }, 
    "pk": "367f3f7f-a1cc-4266-8a0a-020722576cc9"
},
{
    "model": "core.product", 
    "fields": {
        "active": true, 
        "description": "5ml RUP syringe for dilution", 
        "code": "S-RUP-5ml", 
        "is_deleted": false, 
        "name": "Re-Use Prevention Syringes 5ml", 
        "category": "d5ffa6bd-58d2-41b5-a688-6a9d6894c5ae", 
        "created_by": 1, 
        "base_uom": "6240f4fb-1416-4d16-b124-f1641d541dcb", 
        "created": "2014-01-16T19:51:13.607Z", 
        "modified_by": 1, 
        "modified": "2014-01-16T19:51:13.630Z"
    }, 
    "pk": "3e18a95b-b958-4ab0-bb5f-ed8ad60bca32"
},
{
    "model": "core.product", 
    "fields": {
        "active": true, 
        "description": "2ml syringe for dilution", 
        "code": "Syr-Dil-2ml", 
        "is_deleted": false, 
        "name": "Dilution Syringe 2ml", 
        "category": "d5ffa6bd-58d2-41b5-a688-6a9d6894c5ae", 
        "created_by": 1, 
        "base_uom": "6240f4fb-1416-4d16-b124-f1641d541dcb", 
        "created": "2014-01-16T19:44:37.023Z", 
        "modified_by": 1, 
        "modified": "2014-01-16T19:44:37.053Z"
    }, 
    "pk": "401f8608-e232-4c5a-b32d-032d632abf88"
},
{
    "model": "core.product", 
    "fields": {
        "active": true, 
        "description": "diluent for Measles-Mumps-Rubella Freeze Dried", 
        "code": "Dil-MMRFD", 
        "is_deleted": false, 
        "name": "Diluents Measles-Mumps-Rubella Freeze Dried", 
        "category": "87a63faf-b035-4ed7-ac59-9d62f3cc4b74", 
        "created_by": 2, 
        "base_uom": "e5def927-b173-44b6-9112-3103a473a65c", 
        "created": "2014-01-16T08:27:19.221Z", 
        "modified_by": 2, 
        "modified": "2014-01-16T08:27:19.243Z"
    }, 
    "pk": "422f8a96-bbe2-4adb-b745-7bda4f0a2b82"
},
{
    "model": "core.product", 
    "fields": {
        "active": true, 
        "description": "", 
        "code": "TD", 
        "is_deleted": false, 
        "name": "Tetanus-Diphtheria", 
        "category": "66e1bc4f-1dab-4842-80c5-49f626bde74e", 
        "created_by": 2, 
        "base_uom": "e5def927-b173-44b6-9112-3103a473a65c", 
        "created": "2014-01-15T14:50:07.853Z", 
        "modified_by": 2, 
        "modified": "2014-01-15T14:53:04.867Z"
    }, 
    "pk": "469f8300-50f7-4e10-beb2-4c86e075d18c"
},
{
    "model": "core.product", 
    "fields": {
        "active": true, 
        "description": "10ml RUP syringe for dilution", 
        "code": "S-RUP-10ml", 
        "is_deleted": false, 
        "name": "Re-Use Prevention Syringes 10ml", 
        "category": "d5ffa6bd-58d2-41b5-a688-6a9d6894c5ae", 
        "created_by": 1, 
        "base_uom": "6240f4fb-1416-4d16-b124-f1641d541dcb", 
        "created": "2014-01-16T19:53:44.572Z", 
        "modified_by": 1, 
        "modified": "2014-01-16T19:53:44.597Z"
    }, 
    "pk": "4e29e129-c58f-4fd3-84d4-90a53dc0554c"
},
{
    "model": "core.product", 
    "fields": {
        "active": true, 
        "description": "", 
        "code": "ITN-X-SMall-Rectangular", 
        "is_deleted": false, 
        "name": "Bednet Rectangular ITN 70x180x150", 
        "category": "1c761db0-d7f3-4abf-8c12-6c678f862851", 
        "created_by": 1, 
        "base_uom": "6240f4fb-1416-4d16-b124-f1641d541dcb", 
        "created": "2014-01-16T20:03:04.203Z", 
        "modified_by": 1, 
        "modified": "2014-01-16T20:03:04.234Z"
    }, 
    "pk": "4e693c02-32f5-45da-9c7e-5a3f22a38815"
},
{
    "model": "core.product", 
    "fields": {
        "active": true, 
        "description": "", 
        "code": "MV-A/C", 
        "is_deleted": false, 
        "name": "Meningitis A/C", 
        "category": "66e1bc4f-1dab-4842-80c5-49f626bde74e", 
        "created_by": 2, 
        "base_uom": "e5def927-b173-44b6-9112-3103a473a65c", 
        "created": "2014-01-15T15:39:25.150Z", 
        "modified_by": 2, 
        "modified": "2014-01-15T15:39:25.171Z"
    }, 
    "pk": "50d90253-26e2-47cf-9977-b9f943bdf8de"
},
{
    "model": "core.product", 
    "fields": {
        "active": true, 
        "description": "", 
        "code": "MV-W135", 
        "is_deleted": false, 
        "name": "Meningitis W135", 
        "category": "66e1bc4f-1dab-4842-80c5-49f626bde74e", 
        "created_by": 2, 
        "base_uom": "e5def927-b173-44b6-9112-3103a473a65c", 
        "created": "2014-01-15T15:44:53.875Z", 
        "modified_by": 2, 
        "modified": "2014-01-15T15:44:53.900Z"
    }, 
    "pk": "52878d53-88f2-45dd-ac1e-d86ceaf2dc06"
},
{
    "model": "core.product", 
    "fields": {
        "active": true, 
        "description": "", 
        "code": "ITN-X-Large-Rectangular", 
        "is_deleted": false, 
        "name": "Insecticide Treated Net Rectangular ITN 190x180x150", 
        "category": "12901ecf-b2be-4ebc-b27e-bd72e198926d", 
        "created_by": 1, 
        "base_uom": "6240f4fb-1416-4d16-b124-f1641d541dcb", 
        "created": "2014-01-16T20:05:57.388Z", 
        "modified_by": 1, 
        "modified": "2014-01-16T20:12:42.585Z"
    }, 
    "pk": "55a77730-05f5-4167-9c8d-d412bb9787ac"
},
{
    "model": "core.product", 
    "fields": {
        "active": true, 
        "description": "", 
        "code": "SB-5L", 
        "is_deleted": false, 
        "name": "Safety Boxes 5 Litres", 
        "category": "1c761db0-d7f3-4abf-8c12-6c678f862851", 
        "created_by": 1, 
        "base_uom": "6240f4fb-1416-4d16-b124-f1641d541dcb", 
        "created": "2014-01-16T19:55:51.646Z", 
        "modified_by": 1, 
        "modified": "2014-01-16T19:55:51.669Z"
    }, 
    "pk": "5a4f4fc1-b5e8-4968-8825-79be6076d838"
},
{
    "model": "core.product", 
    "fields": {
        "active": true, 
        "description": "diluent for Measles-Rubella freeze dried", 
        "code": "Dil-MRFD", 
        "is_deleted": false, 
        "name": "Diluents Measles-Rubella Freeze Dried", 
        "category": "87a63faf-b035-4ed7-ac59-9d62f3cc4b74", 
        "created_by": 2, 
        "base_uom": "e5def927-b173-44b6-9112-3103a473a65c", 
        "created": "2014-01-16T08:26:42.885Z", 
        "modified_by": 2, 
        "modified": "2014-01-16T08:26:42.906Z"
    }, 
    "pk": "5cb765d7-9df2-42c1-9b3c-f329a836dbc8"
},
{
    "model": "core.product", 
    "fields": {
        "active": true, 
        "description": "", 
        "code": "H1N1", 
        "is_deleted": false, 
        "name": "Influenza A Vaccine", 
        "category": "66e1bc4f-1dab-4842-80c5-49f626bde74e", 
        "created_by": 2, 
        "base_uom": "e5def927-b173-44b6-9112-3103a473a65c", 
        "created": "2014-01-15T16:08:34.659Z", 
        "modified_by": 2, 
        "modified": "2014-01-15T16:08:34.681Z"
    }, 
    "pk": "5d5ccfba-16c3-495b-b6ba-377d8b3919a3"
},
{
    "model": "core.product", 
    "fields": {
        "active": true, 
        "description": "diluent for Meningococcal A/C/W vaccine", 
        "code": "dil-MV-A/C/W", 
        "is_deleted": false, 
        "name": "Diluents Meningococcal A/C/W/", 
        "category": "87a63faf-b035-4ed7-ac59-9d62f3cc4b74", 
        "created_by": 2, 
        "base_uom": "e5def927-b173-44b6-9112-3103a473a65c", 
        "created": "2014-01-16T08:08:37.175Z", 
        "modified_by": 2, 
        "modified": "2014-01-16T08:08:37.199Z"
    }, 
    "pk": "60b658b4-592f-4d38-803e-2338d55917b3"
},
{
    "model": "core.product", 
    "fields": {
        "active": true, 
        "description": "", 
        "code": "ITN-Medium-Circular", 
        "is_deleted": false, 
        "name": "Insectide Treated Net Circular 1050x56x220", 
        "category": "12901ecf-b2be-4ebc-b27e-bd72e198926d", 
        "created_by": 1, 
        "base_uom": "6240f4fb-1416-4d16-b124-f1641d541dcb", 
        "created": "2014-01-16T20:39:33.797Z", 
        "modified_by": 1, 
        "modified": "2014-01-16T20:39:34.011Z"
    }, 
    "pk": "6577e57c-8532-42a2-bc18-41145df545cc"
},
{
    "model": "core.product", 
    "fields": {
        "active": true, 
        "description": "", 
        "code": "DTP-HepB-HIB-Liq", 
        "is_deleted": false, 
        "name": "DTP-HepB-HIB-Liquid", 
        "category": "66e1bc4f-1dab-4842-80c5-49f626bde74e", 
        "created_by": 2, 
        "base_uom": "e5def927-b173-44b6-9112-3103a473a65c", 
        "created": "2014-01-15T15:36:06.032Z", 
        "modified_by": 2, 
        "modified": "2014-01-15T15:36:06.058Z"
    }, 
    "pk": "6c96fe02-c345-47ff-8bf3-9cdbbabe3701"
},
{
    "model": "core.product", 
    "fields": {
        "active": true, 
        "description": "diluent forMeningococcal W136 vaccine", 
        "code": "dil-MV-W136", 
        "is_deleted": false, 
        "name": "Diluents Meningococcal W136", 
        "category": "87a63faf-b035-4ed7-ac59-9d62f3cc4b74", 
        "created_by": 2, 
        "base_uom": "e5def927-b173-44b6-9112-3103a473a65c", 
        "created": "2014-01-16T08:09:29.107Z", 
        "modified_by": 2, 
        "modified": "2014-01-16T08:09:29.129Z"
    }, 
    "pk": "6dabf142-5645-4c27-ae48-0b4ecb9cf7b4"
},
{
    "model": "core.product", 
    "fields": {
        "active": false, 
        "description": "", 
        "code": "BOPV-1-3", 
        "is_deleted": false, 
        "name": "VPO Bivalent 1-3", 
        "category": "66e1bc4f-1dab-4842-80c5-49f626bde74e", 
        "created_by": 2, 
        "base_uom": "e5def927-b173-44b6-9112-3103a473a65c", 
        "created": "2014-01-16T08:01:57.324Z", 
        "modified_by": 2, 
        "modified": "2014-01-16T08:01:57.500Z"
    }, 
    "pk": "73b21b94-4f3f-47aa-8089-0aacdbbe8643"
},
{
    "model": "core.product", 
    "fields": {
        "active": true, 
        "description": "", 
        "code": "IPV", 
        "is_deleted": false, 
        "name": "Inactivated  Polio Vaccine", 
        "category": "66e1bc4f-1dab-4842-80c5-49f626bde74e", 
        "created_by": 2, 
        "base_uom": "e5def927-b173-44b6-9112-3103a473a65c", 
        "created": "2014-01-15T15:53:55.319Z", 
        "modified_by": 2, 
        "modified": "2014-01-15T15:53:55.342Z"
    }, 
    "pk": "73ee1a6e-f18f-4bb5-a0bf-c619e443a19e"
},
{
    "model": "core.product", 
    "fields": {
        "active": true, 
        "description": "5ml syringe for dilution", 
        "code": "Syr-Dil-5ml", 
        "is_deleted": false, 
        "name": "Dilution Syringe 5ml", 
        "category": "d5ffa6bd-58d2-41b5-a688-6a9d6894c5ae", 
        "created_by": 1, 
        "base_uom": "6240f4fb-1416-4d16-b124-f1641d541dcb", 
        "created": "2014-01-16T19:46:42.573Z", 
        "modified_by": 1, 
        "modified": "2014-01-16T19:46:42.597Z"
    }, 
    "pk": "79dc30f3-3151-4a9c-85f2-0ebb94382f99"
},
{
    "model": "core.product", 
    "fields": {
        "active": true, 
        "description": "vaccine for the prevention of hepatitis B virus infection.", 
        "code": "HepB", 
        "is_deleted": false, 
        "name": "Hepatitis B", 
        "category": "66e1bc4f-1dab-4842-80c5-49f626bde74e", 
        "created_by": 2, 
        "base_uom": "e5def927-b173-44b6-9112-3103a473a65c", 
        "created": "2014-01-15T15:25:17.900Z", 
        "modified_by": 2, 
        "modified": "2014-01-15T15:25:17.927Z"
    }, 
    "pk": "7a274913-1ce5-45d2-b438-a62bc9c373c2"
},
{
    "model": "core.product", 
    "fields": {
        "active": true, 
        "description": "", 
        "code": "SB-15L", 
        "is_deleted": false, 
        "name": "Safety Boxes 15 Litres", 
        "category": "1c761db0-d7f3-4abf-8c12-6c678f862851", 
        "created_by": 1, 
        "base_uom": "6240f4fb-1416-4d16-b124-f1641d541dcb", 
        "created": "2014-01-16T19:56:24.155Z", 
        "modified_by": 1, 
        "modified": "2014-01-16T19:56:24.177Z"
    }, 
    "pk": "80e85104-31e9-42e6-ba08-76404b38b997"
},
{
    "model": "core.product", 
    "fields": {
        "active": true, 
        "description": "", 
        "code": "RVV", 
        "is_deleted": false, 
        "name": "Rotavirus Vaccine", 
        "category": "66e1bc4f-1dab-4842-80c5-49f626bde74e", 
        "created_by": 2, 
        "base_uom": "e5def927-b173-44b6-9112-3103a473a65c", 
        "created": "2014-01-15T15:52:08.112Z", 
        "modified_by": 2, 
        "modified": "2014-01-15T15:52:08.139Z"
    }, 
    "pk": "82e014a8-9713-479e-a561-9b6fc1110ee3"
},
{
    "model": "core.product", 
    "fields": {
        "active": true, 
        "description": "auto disable 0.5ml syringe for injection", 
        "code": "ADS-0.5ml", 
        "is_deleted": false, 
        "name": "Auto-Disable Syringe 0.5ml", 
        "category": "d5ffa6bd-58d2-41b5-a688-6a9d6894c5ae", 
        "created_by": 1, 
        "base_uom": "6240f4fb-1416-4d16-b124-f1641d541dcb", 
        "created": "2014-01-16T19:42:25.937Z", 
        "modified_by": 1, 
        "modified": "2014-01-16T19:42:25.961Z"
    }, 
    "pk": "90ed3308-2b64-44c9-a1f4-c5fd82b14cc1"
},
{
    "model": "core.product", 
    "fields": {
        "active": true, 
        "description": "", 
        "code": "TT", 
        "is_deleted": false, 
        "name": "Tetanus Toxoid", 
        "category": "66e1bc4f-1dab-4842-80c5-49f626bde74e", 
        "created_by": 2, 
        "base_uom": "e5def927-b173-44b6-9112-3103a473a65c", 
        "created": "2014-01-16T13:21:59.115Z", 
        "modified_by": 2, 
        "modified": "2014-01-16T13:21:59.177Z"
    }, 
    "pk": "939d5e05-2aa4-4883-9246-35c60dfa06a5"
},
{
    "model": "core.product", 
    "fields": {
        "active": true, 
        "description": " conjugate vaccine for Haemophilus influenzae type b bacteria.", 
        "code": "HIB", 
        "is_deleted": false, 
        "name": "Haemophilus Influenzae Type B", 
        "category": "66e1bc4f-1dab-4842-80c5-49f626bde74e", 
        "created_by": 2, 
        "base_uom": "e5def927-b173-44b6-9112-3103a473a65c", 
        "created": "2014-01-15T15:30:45.225Z", 
        "modified_by": 2, 
        "modified": "2014-01-15T15:30:45.258Z"
    }, 
    "pk": "9a2b7576-860d-45c7-87ae-9d1fd1ec39f2"
},
{
    "model": "core.product", 
    "fields": {
        "active": true, 
        "description": "10ml syringe for dilution", 
        "code": "Syr-Dil-10ml", 
        "is_deleted": false, 
        "name": "Dilution Syringe 10ml", 
        "category": "d5ffa6bd-58d2-41b5-a688-6a9d6894c5ae", 
        "created_by": 1, 
        "base_uom": "6240f4fb-1416-4d16-b124-f1641d541dcb", 
        "created": "2014-01-16T19:47:18.662Z", 
        "modified_by": 1, 
        "modified": "2014-01-16T19:47:18.681Z"
    }, 
    "pk": "9c9e5898-d351-4591-bd2a-0ac3afab79f8"
},
{
    "model": "core.product", 
    "fields": {
        "active": true, 
        "description": "used for treating worm infections", 
        "code": "Albendazole-Tab", 
        "is_deleted": false, 
        "name": "Albendazole Tablet", 
        "category": "7f3a08f8-fc01-43f6-b198-51ed9f5a0d75", 
        "created_by": 1, 
        "base_uom": "6240f4fb-1416-4d16-b124-f1641d541dcb", 
        "created": "2014-01-17T11:28:10.658Z", 
        "modified_by": 1, 
        "modified": "2014-01-17T11:28:10.694Z"
    }, 
    "pk": "a256df01-6e2a-4efc-9ed7-83578bec6fa2"
},
{
    "model": "core.product", 
    "fields": {
        "active": true, 
        "description": "", 
        "code": "MV_A/C/W", 
        "is_deleted": false, 
        "name": "Meningococcal A/C/W/", 
        "category": "66e1bc4f-1dab-4842-80c5-49f626bde74e", 
        "created_by": 2, 
        "base_uom": "e5def927-b173-44b6-9112-3103a473a65c", 
        "created": "2014-01-15T15:42:16.449Z", 
        "modified_by": 2, 
        "modified": "2014-01-15T15:42:16.486Z"
    }, 
    "pk": "a5b921a2-ced6-4c8e-8903-20b94f80c2fc"
},
{
    "model": "core.product", 
    "fields": {
        "active": true, 
        "description": "diluent for Bacillus Calmette\u2013Gu\u00e9rin", 
        "code": "Dil-BCG", 
        "is_deleted": false, 
        "name": "Diluents Bacillus Calmette\u2013Gu\u00e9rin", 
        "category": "87a63faf-b035-4ed7-ac59-9d62f3cc4b74", 
        "created_by": 2, 
        "base_uom": "e5def927-b173-44b6-9112-3103a473a65c", 
        "created": "2014-01-16T08:22:44.387Z", 
        "modified_by": 2, 
        "modified": "2014-01-16T08:22:44.426Z"
    }, 
    "pk": "abe41e88-ab4a-4c6f-b7a4-4549e13fb758"
},
{
    "model": "core.product", 
    "fields": {
        "active": true, 
        "description": "", 
        "code": "SB-10L", 
        "is_deleted": false, 
        "name": "Safety Boxes 10 Litres", 
        "category": "1c761db0-d7f3-4abf-8c12-6c678f862851", 
        "created_by": 1, 
        "base_uom": "6240f4fb-1416-4d16-b124-f1641d541dcb", 
        "created": "2014-01-16T19:56:08.267Z", 
        "modified_by": 1, 
        "modified": "2014-01-16T19:56:08.287Z"
    }, 
    "pk": "b7c68692-3ee5-46cf-bb71-8700c819a35d"
},
{
    "model": "core.product", 
    "fields": {
        "active": true, 
        "description": "", 
        "code": "ITN-Small-Rectangular", 
        "is_deleted": false, 
        "name": "Insecticide Treated Net Rectangular ITN 100x180x150", 
        "category": "12901ecf-b2be-4ebc-b27e-bd72e198926d", 
        "created_by": 1, 
        "base_uom": "6240f4fb-1416-4d16-b124-f1641d541dcb", 
        "created": "2014-01-16T20:04:11.270Z", 
        "modified_by": 1, 
        "modified": "2014-01-16T20:17:21.134Z"
    }, 
    "pk": "ba2d4ae2-b82d-43df-9a58-368cb3cac55f"
},
{
    "model": "core.product", 
    "fields": {
        "active": true, 
        "description": "auto disable 0.1ml syringe for injection", 
        "code": "ADS-0.1ml", 
        "is_deleted": false, 
        "name": "Auto-Disable Syringes 0.1ml", 
        "category": "d5ffa6bd-58d2-41b5-a688-6a9d6894c5ae", 
        "created_by": 1, 
        "base_uom": "6240f4fb-1416-4d16-b124-f1641d541dcb", 
        "created": "2014-01-16T16:04:53.321Z", 
        "modified_by": 1, 
        "modified": "2014-01-16T19:37:49.928Z"
    }, 
    "pk": "bb88e194-9167-4a4b-b3b0-b76fa3d14d0e"
},
{
    "model": "core.product", 
    "fields": {
        "active": true, 
        "description": "", 
        "code": "JE-Lyo", 
        "is_deleted": false, 
        "name": "Japanese Encephalitis Lyophilized", 
        "category": "66e1bc4f-1dab-4842-80c5-49f626bde74e", 
        "created_by": 2, 
        "base_uom": "e5def927-b173-44b6-9112-3103a473a65c", 
        "created": "2014-01-15T15:50:46.026Z", 
        "modified_by": 2, 
        "modified": "2014-01-15T15:50:46.048Z"
    }, 
    "pk": "c543968d-85be-4ecc-a229-da588b2b311d"
},
{
    "model": "core.product", 
    "fields": {
        "active": true, 
        "description": "for suppliments", 
        "code": "Vit-A-Cap-200000-UL", 
        "is_deleted": false, 
        "name": "Vitamin A Capsule 200,000 UL", 
        "category": "a0f10e2e-cffa-42c4-832b-1ba0e48caa64", 
        "created_by": 1, 
        "base_uom": "6240f4fb-1416-4d16-b124-f1641d541dcb", 
        "created": "2014-01-17T11:21:15.646Z", 
        "modified_by": 1, 
        "modified": "2014-01-17T11:21:15.713Z"
    }, 
    "pk": "d1df9d0d-9364-4da9-bca9-400631310e78"
},
{
    "model": "core.product", 
    "fields": {
        "active": true, 
        "description": "", 
        "code": "OPV", 
        "is_deleted": false, 
        "name": "Oral Polio Vaccine ", 
        "category": "66e1bc4f-1dab-4842-80c5-49f626bde74e", 
        "created_by": 2, 
        "base_uom": "e5def927-b173-44b6-9112-3103a473a65c", 
        "created": "2014-01-15T15:18:42.925Z", 
        "modified_by": 2, 
        "modified": "2014-01-15T15:18:42.951Z"
    }, 
    "pk": "db513859-4491-4db7-9343-4980a16c8b04"
},
{
    "model": "core.product", 
    "fields": {
        "active": false, 
        "description": "diluent for MV-A vaccine", 
        "code": "dil-MV-A/C", 
        "is_deleted": false, 
        "name": "Diluents Meningitis A/C", 
        "category": "87a63faf-b035-4ed7-ac59-9d62f3cc4b74", 
        "created_by": 2, 
        "base_uom": "e5def927-b173-44b6-9112-3103a473a65c", 
        "created": "2014-01-16T08:04:37.917Z", 
        "modified_by": 2, 
        "modified": "2014-01-16T08:04:37.940Z"
    }, 
    "pk": "dcd39603-a606-4d49-b72f-ce902c57e689"
},
{
    "model": "core.product", 
    "fields": {
        "active": true, 
        "description": "it consists of live, attenuated (weakened) poliovirus strains of Type 1", 
        "code": "M-OPV1", 
        "is_deleted": false, 
        "name": "Monovalent OPV-1", 
        "category": "66e1bc4f-1dab-4842-80c5-49f626bde74e", 
        "created_by": 2, 
        "base_uom": "e5def927-b173-44b6-9112-3103a473a65c", 
        "created": "2014-01-15T16:03:30.515Z", 
        "modified_by": 2, 
        "modified": "2014-01-15T16:03:30.541Z"
    }, 
    "pk": "de686858-088b-40c7-b22f-727ec8856374"
},
{
    "model": "core.product", 
    "fields": {
        "active": true, 
        "description": "A vaccine against tuberculosis, prepared from a strain of the attenuated live Mycobacterium bovis", 
        "code": "BCG", 
        "is_deleted": false, 
        "name": "Bacille Calmette-Gu\u00e9rin", 
        "category": "66e1bc4f-1dab-4842-80c5-49f626bde74e", 
        "created_by": 2, 
        "base_uom": "e5def927-b173-44b6-9112-3103a473a65c", 
        "created": "2014-01-15T14:40:44.434Z", 
        "modified_by": 2, 
        "modified": "2014-01-15T14:47:38.346Z"
    }, 
    "pk": "e55e1452-b0ab-4046-9d7e-3a98f1f968d0"
},
{
    "model": "core.product", 
    "fields": {
        "active": true, 
        "description": "", 
        "code": "Rabies", 
        "is_deleted": false, 
        "name": "Rabies Vaccine", 
        "category": "66e1bc4f-1dab-4842-80c5-49f626bde74e", 
        "created_by": 2, 
        "base_uom": "e5def927-b173-44b6-9112-3103a473a65c", 
        "created": "2014-01-15T15:52:26.636Z", 
        "modified_by": 2, 
        "modified": "2014-01-15T15:52:26.669Z"
    }, 
    "pk": "ec8dd6cc-e670-4fb5-9b31-8e116915869b"
},
{
    "model": "core.product", 
    "fields": {
        "active": true, 
        "description": "it consists of live, attenuated (weakened) poliovirus strains of Type 3", 
        "code": "M-OPV3", 
        "is_deleted": false, 
        "name": "Monovalent OPV-3", 
        "category": "66e1bc4f-1dab-4842-80c5-49f626bde74e", 
        "created_by": 2, 
        "base_uom": "e5def927-b173-44b6-9112-3103a473a65c", 
        "created": "2014-01-15T16:03:51.681Z", 
        "modified_by": 2, 
        "modified": "2014-01-15T16:03:51.705Z"
    }, 
    "pk": "ed711099-cb68-40f3-ae9c-2de3340fd7ff"
},
{
    "model": "core.product", 
    "fields": {
        "active": true, 
        "description": "combination of DTP and Hepatitis B vaccine", 
        "code": "DTP-HepB", 
        "is_deleted": false, 
        "name": "DTP-Hepatitis B", 
        "category": "66e1bc4f-1dab-4842-80c5-49f626bde74e", 
        "created_by": 2, 
        "base_uom": "e5def927-b173-44b6-9112-3103a473a65c", 
        "created": "2014-01-15T15:22:05.436Z", 
        "modified_by": 2, 
        "modified": "2014-01-15T15:22:05.466Z"
    }, 
    "pk": "ef0cbdbc-86b4-47b8-bfc8-69e1efee7eb1"
},
{
    "model": "core.product", 
    "fields": {
        "active": true, 
        "description": "", 
        "code": "ITN-Medium-Rectangular", 
        "is_deleted": false, 
        "name": "Insecticide Treated Net Rectangular ITN 130x180x150", 
        "category": "12901ecf-b2be-4ebc-b27e-bd72e198926d", 
        "created_by": 1, 
        "base_uom": "6240f4fb-1416-4d16-b124-f1641d541dcb", 
        "created": "2014-01-16T20:05:04.733Z", 
        "modified_by": 1, 
        "modified": "2014-01-16T20:16:35.402Z"
    }, 
    "pk": "f009e20a-03e3-4fb0-be63-b023b9df93d1"
},
{
    "model": "core.product", 
    "fields": {
        "active": true, 
        "description": "", 
        "code": "JE-Liq", 
        "is_deleted": false, 
        "name": "Japanese Encephalitis Liquid", 
        "category": "66e1bc4f-1dab-4842-80c5-49f626bde74e", 
        "created_by": 2, 
        "base_uom": "e5def927-b173-44b6-9112-3103a473a65c", 
        "created": "2014-01-15T15:50:18.891Z", 
        "modified_by": 2, 
        "modified": "2014-01-15T15:50:18.915Z"
    }, 
    "pk": "f0337e17-6b5f-440d-9305-4b54d8a729b4"
},
{
    "model": "core.product", 
    "fields": {
        "active": true, 
        "description": "", 
        "code": "Measles", 
        "is_deleted": false, 
        "name": "Measles", 
        "category": "66e1bc4f-1dab-4842-80c5-49f626bde74e", 
        "created_by": 2, 
        "base_uom": "e5def927-b173-44b6-9112-3103a473a65c", 
        "created": "2014-01-15T14:50:39.480Z", 
        "modified_by": 2, 
        "modified": "2014-01-15T14:50:39.510Z"
    }, 
    "pk": "f03be189-4a2b-42ed-b624-822555ada6a6"
},
{
    "model": "core.product", 
    "fields": {
        "active": true, 
        "description": "", 
        "code": "ITN-Large-Circular", 
        "is_deleted": false, 
        "name": "Insectide Treated Net Circular 1250x65x250", 
        "category": "12901ecf-b2be-4ebc-b27e-bd72e198926d", 
        "created_by": 1, 
        "base_uom": "6240f4fb-1416-4d16-b124-f1641d541dcb", 
        "created": "2014-01-16T20:40:56.507Z", 
        "modified_by": 1, 
        "modified": "2014-01-16T20:40:56.527Z"
    }, 
    "pk": "f081a319-5acb-4fb5-a6fc-974c00900c7b"
},
{
    "model": "core.product", 
    "fields": {
        "active": true, 
        "description": "", 
        "code": "DT", 
        "is_deleted": false, 
        "name": "Diphtheria-Tetanus", 
        "category": "66e1bc4f-1dab-4842-80c5-49f626bde74e", 
        "created_by": 2, 
        "base_uom": "e5def927-b173-44b6-9112-3103a473a65c", 
        "created": "2014-01-15T14:49:39.541Z", 
        "modified_by": 2, 
        "modified": "2014-01-15T14:52:25.674Z"
    }, 
    "pk": "f28035e9-68fc-485b-83e2-c1f4e5532b6d"
},
{
    "model": "core.product", 
    "fields": {
        "active": true, 
        "description": "", 
        "code": "Men-A", 
        "is_deleted": false, 
        "name": "Meningitis A Conjugate", 
        "category": "66e1bc4f-1dab-4842-80c5-49f626bde74e", 
        "created_by": 2, 
        "base_uom": "e5def927-b173-44b6-9112-3103a473a65c", 
        "created": "2014-01-15T15:49:20.755Z", 
        "modified_by": 2, 
        "modified": "2014-01-15T15:49:20.777Z"
    }, 
    "pk": "f7675c7e-856a-45e8-b2af-d50f42950ac1"
},
{
    "model": "core.product", 
    "fields": {
        "active": true, 
        "description": "diluent for Measles Vaccine", 
        "code": "Dil-Measles", 
        "is_deleted": false, 
        "name": "Diluents Measles", 
        "category": "87a63faf-b035-4ed7-ac59-9d62f3cc4b74", 
        "created_by": 2, 
        "base_uom": "e5def927-b173-44b6-9112-3103a473a65c", 
        "created": "2014-01-16T08:23:10.175Z", 
        "modified_by": 2, 
        "modified": "2014-01-16T08:23:10.194Z"
    }, 
    "pk": "f96946be-7dac-438e-9220-efc386276481"
},
{
    "model": "core.productpresentation", 
    "fields": {
        "value": 500, 
        "description": "supplies product presentation", 
        "code": "500-Pcs-PB", 
        "is_deleted": false, 
        "name": "500 Units Per Box", 
        "uom": "6240f4fb-1416-4d16-b124-f1641d541dcb", 
        "created_by": 1, 
        "created": "2014-01-17T11:05:03.613Z", 
        "modified_by": 1, 
        "modified": "2014-01-17T11:05:03.641Z"
    }, 
    "pk": "0b3c2b22-7719-488d-b74e-b75124e3c68f"
},
{
    "model": "core.productpresentation", 
    "fields": {
        "value": 20, 
        "description": "vaccine product presentation ", 
        "code": "20-DPV", 
        "is_deleted": false, 
        "name": "20 Doses per Vial", 
        "uom": "82cc6fac-d0f6-43da-b0c6-07dc58669431", 
        "created_by": 1, 
        "created": "2014-01-17T10:40:48.140Z", 
        "modified_by": 1, 
        "modified": "2014-01-17T10:40:48.185Z"
    }, 
    "pk": "299939e1-94d7-4e8e-bfb7-c008af1692af"
},
{
    "model": "core.productpresentation", 
    "fields": {
        "value": 200, 
        "description": "supplies product presentation", 
        "code": "200-Pcs-PB", 
        "is_deleted": false, 
        "name": "200 Units Per Box", 
        "uom": "6240f4fb-1416-4d16-b124-f1641d541dcb", 
        "created_by": 1, 
        "created": "2014-01-17T11:05:18.048Z", 
        "modified_by": 1, 
        "modified": "2014-01-17T11:05:18.080Z"
    }, 
    "pk": "441e1be5-ce61-465c-8b72-8c0bd8ee9749"
},
{
    "model": "core.productpresentation", 
    "fields": {
        "value": 50, 
        "description": "vaccine product presentation ", 
        "code": "50-DPV", 
        "is_deleted": false, 
        "name": "50 Doses per Vial", 
        "uom": "82cc6fac-d0f6-43da-b0c6-07dc58669431", 
        "created_by": 1, 
        "created": "2014-01-17T10:41:17.198Z", 
        "modified_by": 1, 
        "modified": "2014-01-17T10:41:17.242Z"
    }, 
    "pk": "623ad47f-a4da-4723-a350-d39bc6b02171"
},
{
    "model": "core.productpresentation", 
    "fields": {
        "value": 400, 
        "description": "supplies product presentation", 
        "code": "400-Pcs-PB", 
        "is_deleted": false, 
        "name": "400 Units Per Box", 
        "uom": "6240f4fb-1416-4d16-b124-f1641d541dcb", 
        "created_by": 1, 
        "created": "2014-01-17T11:05:32.855Z", 
        "modified_by": 1, 
        "modified": "2014-01-17T11:05:32.887Z"
    }, 
    "pk": "842aa1d1-9ff5-4aa2-866b-d2c073cc9913"
},
{
    "model": "core.productpresentation", 
    "fields": {
        "value": 100, 
        "description": "supplies product presentation", 
        "code": "100-Pcs-PB", 
        "is_deleted": false, 
        "name": "100 Units Per Box", 
        "uom": "6240f4fb-1416-4d16-b124-f1641d541dcb", 
        "created_by": 1, 
        "created": "2014-01-17T10:55:22.686Z", 
        "modified_by": 1, 
        "modified": "2014-01-17T10:55:22.713Z"
    }, 
    "pk": "8ee9ff30-a9f5-41f9-8054-8257920adf2d"
},
{
    "model": "core.productpresentation", 
    "fields": {
        "value": 25, 
        "description": "supplies product presentation", 
        "code": "25-Pcs-PB", 
        "is_deleted": false, 
        "name": "25 Units Per Box", 
        "uom": "6240f4fb-1416-4d16-b124-f1641d541dcb", 
        "created_by": 1, 
        "created": "2014-01-17T10:55:39.544Z", 
        "modified_by": 1, 
        "modified": "2014-01-17T10:55:39.583Z"
    }, 
    "pk": "bb67c3a1-6719-49d0-832a-16a85f6562e2"
},
{
    "model": "core.productpresentation", 
    "fields": {
        "value": 10, 
        "description": "vaccine product presentation ", 
        "code": "10-dpv", 
        "is_deleted": false, 
        "name": "10 Doses per Vial", 
        "uom": "82cc6fac-d0f6-43da-b0c6-07dc58669431", 
        "created_by": 1, 
        "created": "2014-01-17T10:39:47.674Z", 
        "modified_by": 1, 
        "modified": "2014-01-17T10:39:47.971Z"
    }, 
    "pk": "c0994b0e-c607-445c-b202-4d61b8c6cff0"
},
{
    "model": "core.productpresentation", 
    "fields": {
        "value": 50, 
        "description": "supplies product presentation", 
        "code": "50-Pcs-PB", 
        "is_deleted": false, 
        "name": "50 Units Per Box", 
        "uom": "6240f4fb-1416-4d16-b124-f1641d541dcb", 
        "created_by": 1, 
        "created": "2014-01-17T10:57:50.538Z", 
        "modified_by": 1, 
        "modified": "2014-01-17T10:57:50.586Z"
    }, 
    "pk": "c8dac343-4f92-4974-af5c-0737bd8e68e9"
},
{
    "model": "core.productpresentation", 
    "fields": {
        "value": 5, 
        "description": "vaccine product presentation ", 
        "code": "5-DPV", 
        "is_deleted": false, 
        "name": "5 Doses per Vial", 
        "uom": "82cc6fac-d0f6-43da-b0c6-07dc58669431", 
        "created_by": 1, 
        "created": "2014-01-17T10:40:21.859Z", 
        "modified_by": 1, 
        "modified": "2014-01-17T10:40:21.897Z"
    }, 
    "pk": "f10d21be-6d62-42a8-b5f8-63984b1f4916"
},
{
    "model": "core.modeofadministration", 
    "fields": {
        "description": "an injection under the skin", 
        "code": "SC", 
        "is_deleted": false, 
        "name": "Subcutaneous", 
        "created_by": 1, 
        "created": "2014-01-16T21:10:52.878Z", 
        "modified_by": 1, 
        "modified": "2014-01-16T21:10:52.910Z"
    }, 
    "pk": "ac55e51c-c9b0-4d52-8865-05f5c8e1df23"
},
{
    "model": "core.modeofadministration", 
    "fields": {
        "description": "taken through the mouth", 
        "code": "Oral", 
        "is_deleted": false, 
        "name": "Oral", 
        "created_by": 1, 
        "created": "2014-01-16T21:13:15.543Z", 
        "modified_by": 1, 
        "modified": "2014-01-16T21:13:15.547Z"
    }, 
    "pk": "b439ec20-c3a2-4d5e-bd35-3979045e376a"
},
{
    "model": "core.modeofadministration", 
    "fields": {
        "description": "into the skin itself", 
        "code": "ID", 
        "is_deleted": false, 
        "name": "Intra-Dermal", 
        "created_by": 1, 
        "created": "2014-01-16T21:34:11.310Z", 
        "modified_by": 1, 
        "modified": "2014-01-16T21:34:11.315Z"
    }, 
    "pk": "d4957c68-d977-4ff2-a5c2-3e8538d302cd"
},
{
    "model": "core.modeofadministration", 
    "fields": {
        "description": "An injection of a substance directly into a muscle.", 
        "code": "IM", 
        "is_deleted": false, 
        "name": "Intra-Muscular", 
        "created_by": 1, 
        "created": "2014-01-16T21:12:19.144Z", 
        "modified_by": 1, 
        "modified": "2014-01-16T21:12:19.148Z"
    }, 
    "pk": "e63bb35d-9a49-4d1d-9be9-5fada6f6d81b"
},
{
    "model": "core.modeofadministration", 
    "fields": {
        "description": "given through the nose.", 
        "code": "Nasal", 
        "is_deleted": false, 
        "name": "Nasal", 
        "created_by": 1, 
        "created": "2014-01-16T21:33:26.953Z", 
        "modified_by": 1, 
        "modified": "2014-01-16T21:33:26.957Z"
    }, 
    "pk": "e8c57074-4e19-4483-87b5-5103956538fb"
}
]
